ANO,Nº,TIPO,AUTORIA,LÍNGUA DE PUBLICAÇÃO,TRADUTOR(A),LOCALIZAÇÃO DA AUTORIA (país),TÍTULO,PALAVRAS-         CHAVE,PLANILHA CITAÇÕES E REFS
1993,1,Artigo regular,Mariza Corrêa,PT,x,Brasil,A propósito de Pagu,x,CP_n01_1993_art1
1993,1,Artigo regular,Suely Kofes,PT,x,Brasil,"Categorias analítica e empírica: Gênero e Mulher - disjunções, conjunções e mediações",x,CP_n01_1993_art2
1993,1,Artigo regular,Luzia Margareth Rago,PT,x,Brasil,Imagens da prostituição na Belle Epoque paulistana,x,CP_n01_1993_art3
1993,1,Artigo regular,Leila Mezan Algranti,PT,x,Brasil,A irmandade da Santa Casa de Misericórdia e a concessão de dotes (1808-1822),x,CP_n01_1993_art4 
1993,1,Artigo regular,Ana Maria Goldani,PT,x,Brasil,As famílias no Brasil contemporâneo e o mito da desestruturação,x,CP_n01_1993_art5
1993,1,Artigo regular,Carla Bassanezi,PT,x,Brasil,Revistas femininas e o ideal de felicidade conjugal (1945-1964),x,CP_n01_1993_art6
1993,1,Artigo regular,Adriana G. Piscitelli,PT,x,Brasil,"Tradição oral, memória e gênero: um comentário metodoloógico",x,CP_n01_1993_art7
1994,2,Artigo regular,Patricia Seed,EN>PT,Mariza Corrêa,EUA,NARRATIVAS DE DON JUAN: a linguagem da sedução na literatura e na sociedade espanhola do século dezessete,x,CP_n02_1994_art1
1994,2,Artigo regular,Carlos Alberto Dória,PT,x,Brasil,A TRADIÇÃO HONRADA(a honra como tema de cultura e na sociedade ibero-americana),x,CP_n02_1994_art2
1994,2,Artigo regular,Joaquim Brasil Fontes,PT,x,Brasil,Imagens de Safo,x,CP_n02_1994_art3
1994,2,Artigo regular,Claudia de Lima Costa,PT,x,Brasil,"O LEITO DE PROCUSTO: Gênero, Linguagem e as Teorias Feministas",x,CP_n02_1994_art4
1994,2,Artigo regular,Karla Adriana Martins Bessa,PT,x,Brasil,O crime de sedução e as relações de gênero ,x,CP_n02_1994_art5
1994,2,Artigo regular,Verena Stolcke,ES>PT,Ricardo Augusto Vieira,Espanha,Mães para uma nova pátria europeia,x,CP_n02_1994_art6
1994,3,Artigo - Debate,Joan Wallach Scott,EN>PT,Mariza Corrêa,EUA,Prefácio a Gender and Politics of History,x,CP_n03_1994_art1
1994,3,Artigo - Debate,Louise A. Tilly,FR>PT,Ricardo Augusto Vieira,EUA,"Gênero, História das Mulheres e História Social",x,CP_n03_1994_art2
1994,3,Artigo - Debate,Eleni Varikas,FR>PT,Ricardo Augusto Vieira,França,"GÊNERO, EXPERIÊNCIA E SUBJETIVIDADE:a propósito do desacordo Tilly-Scott",x,CP_n03_1994_art3
1994,3,Artigo regular,Vanessa Lea,PT,x,Brasil,GÊNERO FEMININO MEBENGOKRE (KAYAPÓ):desvelando representações desgastadas,x,CP_n03_1994_art4 
1994,3,Artigo regular,Suely Kofes,PT,x,Brasil,"EXPERIÊNCIAS SOCIAIS, INTERPRETAÇÕES INDIVIDUAIS:histórias de vida, suas possibilidades e limites.",x,CP_n03_1994_art5
1994,3,Artigo regular,Mónica Tarducci,ES>PT,Ricardo Augusto Vieira,Argentina,"""O SENHOR NOS LIBERTOU"":gênero, família e fundamentalismo",x,CP_n03_1994_art6 
1994,3,Artigo regular,Adriane de Mello Boff,PT,x,Brasil,"HISTÓRIAS DE (DES)AMORES NO ""NAMORO NO RÁDIO"":afetos e narrativas",x,CP_n03_1994_art7 
1994,3,Artigo regular,Maria Noemi Castilhos Brito,PT,x,Brasil,A MEMÓRIA POLÍTICA:versões de gênero,x,CP_n03_1994_art8
1995,4,"Artigo - Dossiê ""História das Mulheres no Ocidente""",Michelle Perrot,FR>PT,Ricardo Augusto Vieira,França,Escrever uma história das mulheres: um relato de uma experiência,x,CP_n04_1995_art1 
1995,4,"Artigo - Dossiê ""História das Mulheres no Ocidente""",Roger Chartier,FR>PT,Sheila Schvarzman,França,Diferença entre os sexos e dominação simbólica (nota crítica),x,CP_n04_1995_art2 
1995,4,Artigo regular,Mary Lucy Murray Del Priore,PT,x,Brasil,"Melusinas, sereias e mulheres-serpentes na literatura sacra do século XVII",x,CP_n04_1995_art3
1995,4,Artigo regular,Maria Beatriz Nizza da Silva,PT,x,Brasil,Mulheres brancas no fim do período colonial,x,CP_n04_1995_art4 
1995,4,Artigo regular,Maria Izilda Santos de Matos,PT,x,Brasil,Do público para o privado: redefinindo espaços e atividades femininas (1890-1930),x,CP_n04_1995_art5 
1995,4,Artigo regular,Maria Bernadete Ramos Flores,PT,x,Brasil,Entre a casa e a rua... memória feminina das festas açorianas no sul do Brasil,x,CP_n04_1995_art6 
1995,4,Artigo regular,Barbara Weinstein,EN>PT,Ricardo Augusto Vieira,EUA,As mulheres trabalhadoras em São Paulo: de operárias não-qualificadas a esposas profissionais,x,CP_n04_1995_art7 
1995,4,Artigo regular,Sonia Dayan-Henzbrun,FR>PT,Ricardo Augusto Vieira,França,As mulheres e a construção do sentimento nacional palestino,x,CP_n04_1995_art8 
1995,4,Artigo regular,Alejandro Cervantes Carson,EN>PT,Ricardo Augusto Vieira,EUA,Entrelaçando consensos: reflexões sobre a dimensão social da identidade de gênero da mulher ,x,CP_n04_1995_art9 
1995,5,Artigo regular,Donna Haraway,EN>PT,Mariza Corrêa,EUA,Saberes localizados: a questão da ciência para o feminismo e o privilégio da perspectiva parcial,x,CP_n05_1995_art1 
1995,5,Artigo regular,Maria Cecília Mac Dowel dos Santos,PT,x,Brasil,"QUEM PODE FALAR, ONDE E COMO?uma conversa ""não inocente"" com Donna Haraway",x,CP_n05_1995_art2 
1995,5,Artigo regular,Fátima Oliveira,PT,x,Brasil,"FEMINISMO, LUTA ANTI-RACISTA E BIOÉTICA",x,CP_n05_1995_art3
1995,5,Artigo regular,Mariza Corrêa,PT,x,Brasil,A natureza imaginária do gênero na História da Antropologia,x,CP_n05_1995_art4
1995,5,Artigo regular,Patrícia de Mendonça Rodrigues,PT,x,EUA,ALGUNS ASPECTOS DA CONSTRUÇÃO DO GÊNERO ENTRE OS JAVAÉ DA ILHA DO BANANAL,x,CP_n05_1995_art5 
1995,5,Artigo regular,Roberto Lima,PT,x,Brasil,"""ON THE ROCKS"":corpo e gênero entre os escaladores do Paraná",x,CP_n05_1995_art6
1995,5,Artigo regular,Mára Lucia Faury,PT,x,Brasil,FRONTEIRAS DO MASCULINO E DO FEMININO ou A ANDROGINIA COMO EXPRESSÃO,x,CP_n05_1995_art7
1995,5,Artigo regular,Pedro Paulo A. Funari,PT,x,Brasil,Romanas por elas mesmas,x,CP_n05_1995_art8
1996,6/7,Artigo regular,Adriana G. Piscitelli,PT,x,Brasil,“SEXO TROPICAL”:COMENTÁRIOS SOBRE GÊNERO E “RAÇA”EM ALGUNS TEXTOS DA MÍDIA BRASILEIRA,"gênero, raça, mídia, sexualidade, turismo, prostituição",CP_n06_07_1996_art1
1996,6/7,Artigo regular,Mariza Corrêa,PT,x,Brasil,SOBRE A INVENÇÃO DA MULATA,"raça, gênero, mulata, literatura",CP_n06_07_1996_art2
1996,6/7,Artigo regular,Antonio Jonas Dias Filho,PT,x,Brasil,AS MULATAS QUE NÃO ESTÃO NO MAPA,"identidade nacional, futebol, nação, gênero, cidadania",CP_n06_07_1996_art3
1996,6/7,Artigo regular,Nilma Limo Gomes,PT,x,Brasil,"EDUCAÇÃO, RAÇA E GÊNERO: RELAÇÕES IMERSAS NA ALTERIDADE","raça, gênero, escola, educação",CP_n06_07_1996_art4
1996,6/7,Artigo regular,Candice Vidal e Souza,PT,x,Brasil,"BRASILEIROS E BRASILEIRAS: GÊNERO, RAÇA E ESPAÇO PARA A CONSTRUÇÃO DA NACIONALIDADE EM CASSIANO RICARDO E ALFREDO ELLIS JR.","pensamento social, raça, gênero, nação",CP_n06_07_1996_art5
1996,6/7,Artigo regular,Marcos Alves de Souza,PT,x,Brasil,GÊNERO E RAÇA: A NAÇÃO CONSTRUÍDA PELO FUTEBOL BRASILEIRO,"identidade nacional, futebol, nação, gênero, cidadania",CP_n06_07_1996_art6
1996,6/7,Artigo regular,Mark Healey,EN>PT,Marko Monteiro,EUA,OS DESENCONTROS DA TRADIÇÃO EM CIDADE DAS MULHERES: RAÇA E GÊNERO NA ETNOGRAFIA DE RUTH LANDES,"raça,  gênero,  história  da  antropologia,  estudos  afro-baianos",CP_n06_07_1996_art7
1996,6/7,Artigo regular,Patricia Birman,PT,x,Brasil,MEDIAÇÃO FEMININA E IDENTIDADES PENTECOSTAIS,"identidade  religiosa,  igrejas  pentecostais,  cultos  afro-brasileiros, gênero",CP_n06_07_1996_art8
1996,6/7,Artigo regular,Angela Gilliam,EN>PT,Marko Monteiro,EUA,A IDEOLOGIA DO CROSSOVER E A SUARELAÇÃO COM O GÊNERO,gênero;  raça; mercado   de consumo; música; crossover,CP_n06_07_1996_art2
1997,8/9,Artigo regular,Marilyn Strathern,EN>PT,Pedro Maia Soares,Inglaterra,ENTRE UMA MELANESIANISTA E UMA FEMINISTA,"Construcionismo,  Desconstrutivismo,  Perspectivas  Antropológicas, Perspectivas Feministas",CP_n08_09_1997_art2
1997,8/9,Artigo regular,Fabíola Rohden,PT,x,Brasil,CATOLICISMO E PROTESTANTISMO: O FEMINISMO COMO UMA QUESTÃO EMERGENTE,"Feminismo,   Religião,   Teologia,   Catolicismo,   Protestantismo",CP_n08_09_1997_art3
1997,8/9,Artigo regular,Philippe Lejeune,FR>PT,Simone Miziara Frangella,França,Diários de garotas francesas no século XIX: constituição e transgressão de um gênero literário,"Diários femininos,Século XIX,Subjetividade.",CP_n08_09_1997_art4
1997,8/9,Artigo regular,Berta W. Aldman,PT,x,Brasil,O império das paixões: uma leitura dos romances-folhetins de Nelson Rodrigues,"Melodrama,    Romance-Folhetim,    Escrita    Feminina, Paixão X Ordem Social",CP_n08_09_1997_art5
1997,8/9,Artigo regular,Mônica Raisa Schpun,PT,x,Brasil,O amor na literatura: um exercício de compreensão histórica," Mulheres, Anos 1920,  Relações Conjugais,  Estratégias Matrimoniais, Literatura",CP_n08_09_1997_art6
1997,8/9,Artigo regular,Margo l. Matwychuck,FR>PT,Simone Miziara Frangella,Canadá,"Estratégias de casamento, história de mulheres, e experiências de mulheres entre famílias de usineiros em Paraíba, Brasil","Estratégias    Matrimoniais,    Experiências    Femininas, História da Família, Empresas Familiares.",CP_n08_09_1997_art7
1997,8/9,Artigo regular,Rosana Catelli,PT,x,Brasil,Práticas femininas da memória paulista: uma leitura da correspondência dos Pacheco e Chaves,"Mulheres,  Memória,  Elite,  Família,  Brasil/  República. ",CP_n08_09_1997_art8
1997,8/9,Artigo regular,Margareth Rago,PT,x,Brasil,A liberdade entre a utopia e a história: Luce Fabbri e o anarquismo na América do Sul,"Anarquismo, Memória Feminina, Liberdade, Resistência Social.",CP_n08_09_1997_art9
1997,8/9,Artigo regular,Marco Aurélio Garcia,PT,x,Brasil,O gênero da militância: notas sobre as possibilidades de uma outra história da ação política,"Historio Oral, Memória, Gênero, Historiografia  Política",CP_n08_09_1997_art10
1997,8/9,Artigo regular,"Suely Kofes, Adriana Piscitelli",PT,x,Brasil,"Memórias de ""histórias femininas, memórias e experiências""","Gênero, Memórias, Experiências",CP_n08_09_1997_art11
1998,10,Artigo regular,Elizabeth Bortolaia Silva,PT,x,Inglaterra,Tecnologia e vida doméstica nos lares,"Tecnologias   do   Lar,   Inovações,   Trabalho   Doméstico, Relações Familiares",CP_n10_1998_art1
1998,10,Artigo regular,Fátima Oliveira,PT,x,Brasil,Biotecnologias de procriação e bioética,"Biotecnologia,     Bio-poder,     Sexualidade,     Tecnologias de Procriação.",CP_n10_1998_art2
1998,10,Artigo regular,Lucila Scavone,PT,x,Brasil,"Tecnologias reprodutivas: novas escolhas, antigos conflitos","Tecnologias    Reprodutivas,    Políticas    de    Saúde, Condições de Consumo",CP_n10_1998_art3
1998,10,Artigo regular,Angelo Soares,PT,x,Canadá,"Automação, (des)qualificação e emoção nos paraísos do consumo","  Caixas    de    Supermercado,    Emoção    e    Consumo, (Des)Qualificação.",CP_n10_1998_art4
1998,10,Artigo regular,Liliana Rolfsen Petrilli Segnini,PT,x,Brasil,Relações de gênero no trabalho bancário informatizado,"     Trabalho        Bancário,        Informática,        Feminilidade, Estresse",CP_n10_1998_art5
1998,10,Artigo regular,Clevi Elena Rapkiewicz,PT,x,Brasil,Informática: domínio masculino?,"Informática,     Segregação     de     Gênero,     Feminilização de Ocupações. ",CP_n10_1998_art6
1998,10,Artigo regular,Judy Wajcman,EN>PT,Patricia Pinho,Austrália,Tecnologia de produção: fazendo um trabalho de gênero,"  Tecnologias  de  Produção,  Divisões  Sexuais,  Construções Sociais de Gênero.",CP_n10_1998_art7
1998,10,Artigo regular,Maria Amália De A. Cunha,PT,x,Brasil,"No brilho do verniz, a corrosão das operárias","Lesão   por   Esforço   Repetitivo,   Trabalho   Fabril, Trabalho Doméstico, Doença Feminina.",CP_n10_1998_art8 
1998,10,Artigo regular,"Cibele Saliba Rizek, Márcia de Paula Leite",PT,x,Brasil,Dimensões e representações do trabalho fabril feminino,"Mulher     na     Produção,     Reestruturação     Produtiva, Desigualdades de gênero.",CP_n10_1998_art9
1998,10,Artigo regular,"Léa Velho, Elena León",PT,x,Brasil,A construção social da produção científica por mulheres,"Produção   Científica,   Construção   Social,   Unicamp, Mulheres.",CP_n10_1998_art10
1998,10,Artigo regular,Maria Margaret Lopes,PT,x,Brasil,“Aventureiras” nas ciências: Refletindo sobre gênero e história das ciências naturais no Brasil,"Estudos    Feministas,    Ciências    Naturais,    Literatura Americana, Ciências no Brasil.",CP_n10_1998_art11
1998,10,Artigo regular,Lucía Tosi,PT,x,França,"Mulher e ciência: a revolução científica, a caça às bruxas e a ciência moderna","Revolução   Científica,   Caça   às   Bruxas,   Mulher e Ciência.",CP_n10_1998_art12
1998,10,Artigo regular,Cynthia Cockburn,EN>PT,Patricia Pinho,Inglaterra,Os homens e a geração de mudanças,"Homens,    Mundo    do    Trabalho,    Mundo    Privado, Inovações Tecnológicas, Sindicatos e Política",CP_n10_1998_art13
1998,11,"Artigo de debate ""o uso da categoria gênero""",Judith Butler,EN>PT,Pedro Maia Soares,EUA,"Fundamentos contingentes: o feminismo e a questão do “pós-modernismo""","feminismo,    pós-modernismo,    pós-estruturalismo,sujeito, identidade",CP_n11_1998_art1
1998,11,"Artigo de debate ""o uso da categoria gênero""",Lia Zanotta Machado,PT,x,Brasil,"Masculinidade, sexualidade e estupro: as construções da virilidade","Masculinidade,   sexualidade,   gênero,   estupro,   erotismo,violência",CP_n11_1998_art2
1998,11,Artigo regular,Maria Das Dores Campos Machado,PT,x,Brasil,"Conversão religiosa e a opção pela heterossexualidade em tempos de aids: notas de uma pesquisa","Comportamento    Sexual,    Conversão,    Pentecostalismo,HIV/AIDS,   Homossexualidade",CP_n11_1998_art3
1998,11,Artigo regular,Maria Angélica Guimarães Lopes,PT ,x,EUA,Anasbaco janelas da alma: olhar o amado e o olhar do amado em baco e as Anas brasileiras de Yeda Schmaltz,"Amor, Gênero, Literatura Brasileira.",CP_n11_1998_art4
1998,11,Artigo regular,Maria José Somerlate Barbosa,PT,x,EUA,"Chorar, verbo transitivo","Choro, masculinidade, virilidade, perfis masculinos",CP_n11_1998_art5
1998,11,Artigo regular,Joaquim Brasil Fontes,PT,x,Brasil,A figura do poder na fedra senequiana,"Sêneca, Fedra, Retórica, Poder",CP_n11_1998_art6
1998,11,Artigo regular,Eliana Magnani Soares Christen,PT,x,França,"Arras, dote e herança: a mulher aristocrata e o patrimônio familiar na Provença (final do século X - início do século XII)","Mulheres, Elites, Patrimônio, Herança",CP_n11_1998_art7
1998,11,Artigo regular,Nancy Rita Vieira Fontes,PT,x,Brasil,Uma narrativa testemunhal: as memórias de Anna Ribeiro,"Memórias, Literatura Brasileira, Imagens de mulheres",CP_n11_1998_art8
1999,12,"Artigo Dossiê ""Simone de Beauvoir""",Eleni Varikas,FR>PT,Cíntia Ávila de Carvalho,França,Do bom uso do mau gênero,x,CP_n12_1999_art1
1999,12,"Artigo Dossiê ""Simone de Beauvoir""",Sylvie Chaperon,FR>PT,Plinio Dentzien,França,Auê sobre o Segundo sexo,x,CP_n12_1999_art2
1999,12,"Artigo Dossiê ""Simone de Beauvoir""",Claudia Thereza Guimaraes de Lemos,PT,x,Brasil,De como uma moça bem comportada se torna Simone de Beauvoir,x,
1999,12,"Artigo Dossiê ""Simone de Beauvoir""",Marco Aurélio de A. Garcia,PT,x,Brasil,Simone de Beauvoir e a política,x,
1999,12,"Artigo Dossiê ""Simone de Beauvoir""",Maria Lygia Quartim de Moraes,PT,x,Brasil,Simone de Beauvoir e o amor americano (um tributo a Simone de Beauvoir),x,
1999,12,"Artigo Dossiê ""Simone de Beauvoir""",Maria Luiza Heilborn,PT,x,Brasil,Uma amizade apaixonada? um episódio na carreira amorosa de Simone de Beauvoir,x,
1999,12,"Artigo Dossiê ""Simone de Beauvoir""",Tania Navarro Swain,FR>PT,Tania Navarro Swain,Brasil,Feminismo e lesbianismo: a identidade em questão,x,
1999,12,"Artigo Dossiê ""Simone de Beauvoir""",Sandra Maria da Mata Azerêdo,PT,x,Brasil,"Notas sobre a “subversão da identidade”: em homenagem a Simone de Beauvoir, nos 50 anos d’O Segundo Sexo",x,
1999,12,"Artigo Dossiê ""Simone de Beauvoir""",Marlise Míriam de Matos Almeida,PT,x,Brasil,Simone de Beauvoir: uma luz em nosso caminho,x,
1999,12,"Artigo Dossiê ""Simone de Beauvoir""",Heleieth Iara Bongiovani Saffioti,PT,x,Brasil,Primórdios do conceito de gênero,x,
1999,12,Artigo regular,Teresa Maria da Conceição Joaquim,PT,x,Portugal,Criação de humanos e/ou de conceitos a questão da maternidade n’O Segundo Sexo,"Maternidade, Corpo, Abstracção, Criação",
1999,12,Artigo regular,Millie Thayer,EN>PT,Cíntia Ávila de Carvalho,EUA,Feminismos viajantes: da mulher/corpo à cidadania de gênero," Cidadania, Corpo, Feminismo, Gênero",
1999,12,Artigo regular,Sara Poggio,ES,x,EUA,Construcción de las identidades femeninas colectivas: mujeres blancas anglosajonas y mujeres de las minorias etnicas en los Estados Unidos,"Género, Raza, Femenismo, Política",
1999,12,Artigo regular,Leonora De Luca,PT,x,Brasil,O “feminismo possível” de Júlia Lopes de Almeida (1862-1934),"Feminismo, Literatura, Gênero",
1999,12,Artigo regular,Jeffrey Tobin,EN>PT,Plínio Dentzien,EUA,A performance da masculinidade portenha no churrasco,"Gênero, Performance, Masculinidade",
1999,12,Artigo regular,Mônica Raisa Schpun,PT,x,Itália,Entre feminino e masculino: a identidade política de  Carlota Pereira de Queiroz,"Literatura, Misoginia, Feminismo, Política.",
1999,12,Artigo regular,Norma Telles,PT,x,Brasil,Um palacete todo seu,"Délia, Gênero, Literatura Brasileira",
1999,13,"Artigo Dossiê ""Gênero em gerações""",Tamara K. Hareven,EN>PT,Plínio Dentzien,EUA,Novas imagens do envelhecimento  e a construção social do curso da vida,"Curso  da  Vida, Família, Gerações, Imagens  do  Envelhecimento",
1999,13,"Artigo Dossiê ""Gênero em gerações""",Myriam Moraes Lins de Barros e  Sara Nigri Goldman,PT,x,Brasil,"Bate-papo intergeracional na Internet.  Sexo, agressão e realidade virtual","Velhice, Rede Virtual, Sexualidade",
1999,13,"Artigo Dossiê ""Gênero em gerações""",Roberto Grün,PT,x,Brasil,Conflitos de geração e competição no mundo do trabalho,"Gerentes,  Conflito Geracional, Envelhecimento Social e Biológico
",
1999,13,"Artigo Dossiê ""Gênero em gerações""",Johannes Doll,PT,x,Brasil,Satisfação de vida  de homens e mulheres idosos  no Brasil e na Alemanha,"Satisfação de Vida, Estudos Transculturais, Saúde Subjetiva",
1999,13,"Artigo Dossiê ""Gênero em gerações""",Daniel Groisman,PT,x,Brasil,Duas abordagens aos asilos de velhos: da clínica Santa Genoveva à história da institucionalização da velhice," Asilos de Velhos,  História da Velhice, Gerontologia Crítica",
1999,13,"Artigo Dossiê ""Gênero em gerações""",Alda Britto da Motta,PT,x,Brasil,As dimensões de gênero e classe social na análise do envelhecimento,"Gênero, Geração, Envelhecimento, Classe Social, Articulação de Categorias",
1999,13,Artigo Regular,Moema de Rezende Vergara,PT,x,Brasil,A noção de excepcionalidade na história das mulheres:  o caso da geração de Flora Tristan,"História,  Feminismo, Socialismo, Geração Política",
1999,13,Artigo Regular,Norberto Osvaldo Ferreras,PT,x,Brasil,Carolina Muzilli ou a costureira que não deu o “mau passo”,"Partido   Socialista   Argentino,   Buenos   Aires,   Feminismo, História Social",
1999,13,Artigo Regular,Andréa Ferreira Delgado,PT,x,Brasil,"Memória, trabalho e identidade:  as doceiras da cidade de Goiás","Memória, Trabalho, Gênero, História Oral",
1999,13,Artigo Regular,Maria Lúcia Mott,PT,x,Brasil,Revendo a história da enfermagem em São Paulo (1890-1920),"História da Enfermagem, História de São Paulo, Gênero
",
2000,14,Artigo Regular,Henrietta L. Moore,EN>PT,Plínio Dentzien,Inglaterra,"Fantasias de poder e fantasias de identidade: gênero, raça e violência","Gênero,   Agência,   Subjetividade,   Raça,   Violência",
2000,14,Artigo Regular,Elizabeth Grosz,EN>PT,Cecilia Holtermann,EUA,Corpos reconfigurados,"Filosofia,  Corporalidade,  Gênero,  Teorias  Feministas",
2000,14,Artigo Regular,Marta E. Savigliano,PT,x,EUA,"Corpos noturnos, identidades embaçadas, projetos anômalos: seguindo os passos de Cortázar nas milongas de Buenos Aires","Tango, Etnografia, Gênero, Ficção Crítica",
2000,14,Artigo Regular,Miguel Vale de Almeida,PT,x,Portugal,Corpos marginais: notas etnográficas sobre páginas “de polícia” e páginas “de sociedade”," Corpo, Representação, Classificação, Classe, Raça, Género, Sexualidade, Mídia",
2000,14,Artigo Regular,Luiz Cláudio Duarte,PT,x,Brasil,Representações da virgindade,"Sedução, Judiciário, Virgindade, Cultura Popular, Estratégia",
2000,14,Artigo Regular,Elisiane Pasini,PT,x,Brasil,Limites simbólicos corporais na prostituição feminina,"Prostituição/Garotas de Programa, Gênero, Corpo, Sexualidade",
2000,14,Artigo Regular,Simone Miziara Frangella,PT,x,Brasil,Fragmentos de corpo e gênero entre meninos e meninas de rua,"Meninos/Meninas de Rua, Corpo, Gênero, Espaço Urbano, Nomadismo",
2000,14,Artigo Regular,Denise Bernuzzi de Sant'Anna,PT,x,Brasil,As infinitas descobertas do corpo,"Corporalidade, historicidade",
2000,14,Artigo Regular,Maria Lúcia Dal Farra,PT,x,Brasil,Seis mulheres em verso,"Poesia de Mulher, Recorrêcias Femininas, Literatura Portuguesa, Brasileira e Africana",
2000,14,Artigo Regular,Haquira Osakabe,PT,x,Brasil,Esse pudor excessivo... (gênero em notas sobre alguns poemas de  Álvaro Pinto Sobrinho),"Gênero, Poemas, Álvaro Pinto Sobrinho",
2000,15,"Artigo Dossiê ""Gênero na história das ciências""",Ilana Löwy,FR>PT,José Valter Arcanjo da Ponte,França,Universalidade da ciência e conhecimentos “situados”,"Gênero, Universalidade das Ciências, Conhecimentos Situados",
2000,15,"Artigo Dossiê ""Gênero na história das ciências""",Maria Teresa Citeli,PT,x,Brasil,Mulheres nas ciências: mapeando campos de estudo,"Gênero, Mulheres e Ciência, Estudos Sociais das Ciências",
2000,15,"Artigo Dossiê ""Gênero na história das ciências""",Eulalia Pérez Sedeño,ES,x,Espanha,"Institucionalización de la ciencia, valores epistémicos y contextuales:  un caso ejemplar","Género, Estudios de la Ciencia, Tecnologia,  Sociedad",
2000,15,"Artigo Dossiê ""Gênero na história das ciências""",Aurora Tovar Ramírez,ES,x,México,Ephemeris calculada al Meridiano de México para el año Del Señor de 1757.  Por Doña Maria Francisca Gonzaga de el Castillo,"Mulheres  Astrônomas,  Ciência  no  Século  XVIII, Biografia, México",
2000,15,"Artigo Dossiê ""Gênero na história das ciências""",Miriam Lifchitz Moreira Leite,PT,x,Brasil,Mulheres viajantes no século XIX,"Mulheres Viajantes, Livros de Viagens, Amadoras e Profissionais",
2000,15,"Artigo Dossiê ""Gênero na história das ciências""",John Dickenson,PT,x,Inglaterra,Marianne North: uma naturalista do século dezenove no Brasil?,"Gênero, Geografia Feminista, Arte Botânica, Viagens",
2000,15,"Artigo Dossiê ""Gênero na história das ciências""",Pamela Henson,EN>PT,José Valter Arcanjo da Ponte,EUA,"A Invasão da Arcádia: As cientistas no Campo na América Latina, 1900-1950","Gênero, Ciência, Sufragismo, Redes de Solidariedade",
2000,15,"Artigo Dossiê ""Gênero na história das ciências""",Elisabeth Juliska Rago,PT,x,Brasil,A ruptura do mundo masculino da medicina: médicas brasileiras no século XIX,"Mulheres    Médicas,    Campo    Masculino    da    Medicina, Relações de Gênero",
2000,15,"Artigo Dossiê ""Gênero na história das ciências""",Lewis Pyenson,EN>PT,José Valter Arcanjo da Ponte,EUA,"Eros e Isis, tal pai, tal filha","História da Ciência, Sexualidade, Biografia",
2000,15,Artigo Regular,José A. Bragança de Miranda,PT,x,Portugal,Corpo utópico,"Corpo, Utopia, Virtualidade, Esteticização",
2000,15,Artigo Regular,James N. Green,EN>PT,Raul Reis,EUA,"“Mais amor e mais tesão”: a construção de um movimento brasileiro de gays, lésbicas e travestis","Gays, Lésbicas, Travestis, Movimento  Homossexual, História",
2000,15,Artigo Regular,Martha Celia Ramírez,PT,x,Brasil,A propriedade do corpo. O lugar da diferença nos discursos de homens e mulheres acerca do aborto voluntário,"Gênero, Corpo, Aborto",
2001,16,"Artigo Dossiê ""Feminismo em questão, questões do feminismo""",Mariza Corrêa,PT,x,Brasil,"Do feminismo aos estudos de gênero no
Brasil: um exemplo pessoal",x,
2001,16,"Artigo Dossiê ""Feminismo em questão, questões do feminismo""",Cynthia A. Sarti,PT,x,Brasil,Feminismo e contexto: lições do caso brasileiro,x,
2001,16,"Artigo Dossiê ""Feminismo em questão, questões do feminismo""",Mary Garcia Castro,PT,x,Brasil,"Gênero e poder. Leituras transculturais –
quando o sertão é mar, mas o olhar
estranha, encalha em recifes",x,
2001,16,"Artigo Dossiê ""Feminismo em questão, questões do feminismo""",Maria José Rosado,PT,x,Brasil,O impacto do feminismo sobre o estudo das religiões,x,
2001,16,"Artigo Dossiê ""Feminismo em questão, questões do feminismo""",Mónica Tarducci,ES,x,Argentina,"Estudios feministas de religión:
una mirada muy parcial",x,
2001,16,"Artigo Dossiê ""Feminismo em questão, questões do feminismo""",Heleieth I.B. Saffioti,PT,x,Brasil,"Contribuições feministas para o estudo
da violência de gênero",x,
2001,16,"Artigo Dossiê ""Feminismo em questão, questões do feminismo""",Lucila Scavone,PT,x,Brasil,"A maternidade e o feminismo:
diálogo com as ciências sociais",x,
2001,16,Artigo Regular,Fúlvia Rosemberg,PT,x,Brasil,"Políticas educacionais e gênero:
um balanço dos anos 1990","Gênero, Política Educacional, Igualdade,
Feminismo",
2001,16,Artigo Regular,Maria Lúcia Mott,PT,x,Brasil,"Maternalismo, políticas públicas e
benemerência no Brasil
(1930-1945)","Maternalismo, Feminismo, Políticas Públicas,
Benemerência, Pérola Byington,
Cruzada Pró-Infância",
2001,16,Artigo Regular,Marko Monteiro,PT,x,Brasil,"Corpo e masculinidade na revista
VIP Exame","Masculinidade, Corpo, Revistas Masculinas,
Teoria Feminista, Reflexividade ",
2001,16,Artigo Regular,Jane Gallop,EN>PT,Plínio Dentzien,EUA,Além do falo," Gozo, Prazer, Falo, Pênis, Significante,
Psicanálise",
2002,17/18,Artigo Regular,Anne Fausto-Sterling,EN>PT,Plínio Dentzien,EUA,Dualismos em duelo,"Gênero, Raça, Biologia, Corpo",
2002,17/18,Artigo Regular,Cláudia Pereira Vianna,PT,x,Brasil,O sexo e o gênero da docência,"Sexo, Gênero, Magistério, Identidade Docente",
2002,17/18,Artigo Regular,Rosely Gomes Costa,PT,x,Brasil,"Sonho do passado versus plano para o
futuro:
gênero e representações acerca da esterilidade
e do desejo por filhos"," Paternidade, Masculinidade, Esterilidade, Gênero",
2002,17/18,"Artigo Dossiê ""Gênero no Trabalho""",Helena Hirata,PT,x,França,"Globalização e divisão sexual do
trabalho","Globalização, Gênero, Condições de Trabalho,
Direito Social, Movimentos Sociais",
2002,17/18,"Artigo Dossiê ""Gênero no Trabalho""","Cristina Bruschini e
Maria Rosa Lombardi",PT,x,Brasil,"Instruídas e trabalhadeiras
Trabalho feminino no final do século XX","Mulheres, Mercado de Trabalho, Educação, Ensino
Médio, Ensino Superior, Ocupações Profissionais,
Guetos Ocupacionais",
2002,17/18,"Artigo Dossiê ""Gênero no Trabalho""","Rosalba Todaro, Lorena Godoy e
Laís Abramo",ES,x,Chile,"Desempeño laboral de hombres y
mujeres: opinan los empresarios","Género, Trabajo, Imaginario Empresarial",
2002,17/18,"Artigo Dossiê ""Gênero no Trabalho""",Nadya Araújo Guimarães,PT,x,Brasil,"Os desafios da eqüidade:
reestruturação e desigualdades de
gênero e raça no Brasil","Desigualdades salariais, Racismo, Sexismo, Trabalho
Industrial",
2002,17/18,"Artigo Dossiê ""Gênero no Trabalho""","Angela Maria Carneiro Araújo e
Elaine Regina Aguiar Amorim",PT,x,Brasil,"Redes de subcontratação e trabalho a
domicílio na indústria de confecção:
um estudo na região de Campinas","Trabalho Feminino, Indústria de Confecção, Redes
de Subcontratação, Trabalho a Domicílio",
2002,17/18,"Artigo Dossiê ""Gênero no Trabalho""",Leila Maria da Silva Blass,PT,x,Brasil,Mulheres fora de lugar?," Mulheres, Indústrias Automobilísticas, Portugal,
Brasil, Emprego Industrial Feminino, Formas Modernas de Gestão
da Produção, Formas Modernas de Gestão do Trabalho",
2002,17/18,"Artigo Dossiê ""Gênero no Trabalho""","Orlandina de Oliveira e
Marina Ariza",ES,x,México,"Transiciones familiares
y trayectorias laborales femeninas
en el México urbano","Actividad Económica Femenina, Transformaciones
Estructurales, Transiciones Familiares, Trayectorias Laborales, Relaciones
de Género",
2002,19,Artigo Regular,Gayatri Chakravorty Spivak,EN>PT,Plínio Dentzien,EUA,Literatura,"Gênero, Desconstrução, Imperialismo, Sujeito Nativo",
2002,19,Artigo Regular,Claudia de Lima Costa,PT,x,Brasil,"O sujeito no feminismo:
revisitando os debates","Identidade, Diferença, Teorias Feministas, Pós-
 Estruturalismo, Lugar de Enunciação",
2002,19,Artigo Regular,Maria Lúcia Dal Farra,PT,x,Brasil,Florbela erótica,"Florbela Espanca, Poesia, Crítica Literária",
2002,19,Artigo Regular,Vavy Pacheco Borges,PT,x,Brasil,"Uma mulher e suas emoções:
o diário de Eugénie Leuzinger Masset (1885-1889)","Diário, Mulheres, Imagem, Emoções, Século XIX",
2002,19,Artigo Regular,Susane Rodrigues de Oliveira,PT,x,Brasil,"As sacerdotisas do sol:
imagens sagradas e profanas do feminino nas
crônicas espanholas do século XVI","Acclas, Incas, Cronistas, Sagrado, Mulheres, Monjas, Vestais, Concubinas",
2002,19,Artigo Regular,Heloisa Buarque de Almeida,PT,x,Brasil,"Melodrama comercial –
reflexões sobre a feminilização da telenovela","Telenovela, Gênero, Consumo, Publicidade",
2002,19,Artigo Regular,Adriana Piscitelli,PT,x,Brasil,"Exotismo e autenticidade:
relatos de viajantes à procura de sexo","Turismo, Sexualidade, Prostituição",
2002,19,Artigo Regular,Naara Luna,PT,x,Brasil,"Maternidade desnaturada:
uma análise da barriga de aluguel e
da doação de óvulos","Novas Tecnologias Reprodutivas, Barriga de
Aluguel, Doação de Óvulos, Maternidade, Parentesco",
2002,19,Artigo Regular,Vera Simone Schaefer Kalsing,PT,x,Brasil,"O debate do aborto:
a votação do aborto legal no Rio Grande do Sul","Aborto, Religião, Vida, Verdade",
2003,20,"Artigo ""Dossiê Erotismo""",Anne McClintok,EN>PT,Plínio Dentzien,Inglaterra,"Couro imperial:
Raça, travestismo e o culto da domesticidad","Fetichismo, Sadomasoquismo, Trabalho
Doméstico, Era Vitoriana",
2003,20,"Artigo ""Dossiê Erotismo""",Maria Filomena Gregori,PT,x,Brasil,Relações de violência e erotismo,"Violência, Gênero, Erotismo, Pornografia, SexShops, Teorias Feministas",
2003,20,"Artigo ""Dossiê Erotismo""",Eliane Robert Moraes,PT,x,Brasil,O efeito obsceno,"Literatura Erótica, Pornografia, Obscenidade,
Aretino, Sade, Henry Miller",
2003,20,"Artigo ""Dossiê Erotismo""",Michel Bozon,FR>PT,Plínio Dentzien,França,"Sexualidade e conjugalidade
A redefinição das relações de gênero na França
contemporânea","Sexualidade, Vida Conjugal, Relações de Gênero,
França",
2003,20,Artigo Regular,Richard Miskolci,PT,x,Brasil,"Uma brasileira –
a outra história de Julia Mann","Julia Mann, Gênero, Nacionalidade, Raça,
Cidadania",
2003,20,Artigo Regular,Alinne de Lima Bonetti,PT,x,Brasil,"Entre femininos e masculinos:
negociando relações de gênero no campo
político","Relações de Gênero, Participação Política,
Mulheres",
2003,21,"Artigo ""Dossiê Mídia""",Maria Celeste Mira,PT,x,Brasil,"O masculino e o feminino nas narrativas
da cultura de massas
ou o deslocamento do olhar","Gênero, Narrativa, Cultura de Massa",
2003,21,"Artigo ""Dossiê Mídia""",Isabel Ferin Cunha,PT,x,Portugal,"A revolução da Gabriela:
o ano de 1977 em Portugal","Gênero, Análise dos Media, Telenovela Brasileira,
Portugal, Estilos de Vida",
2003,21,"Artigo ""Dossiê Mídia""",Lila Abu-Lughod,EN>PT,Heloisa Buarque de Almeida,USA,"Melodrama Egípcio:
uma tecnologia do sujeito moderno?","Gênero, Subjetividade, Melodrama, Recepção,
Egito",
2003,21,"Artigo ""Dossiê Mídia""",Mariana Meloni Vieira Botti,PT,x,Brasil,"Fotografia e fetiche:
um olhar sobre a imagem da mulher","Fetiche, Fotografia, Erotismo, Moda, Corpo",
2003,21,"Artigo ""Dossiê Mídia""",Guita Grin Debert,PT,x,Brasil,O velho na propaganda," Gênero, Velhice, Publicidade, Mídia, Consumo",
2003,21,Artigo Regular,Judith Butler,EN>PT,Valter Arcanjo da Ponte,EUA,"O parentesco é sempre tido como
heterossexual?","Casamento Gay, Parentesco, Psicanálise,
Heterossexualidade, Teoria Política",
2003,21,Artigo Regular,Miriam Pillar Grossi,PT,x,Brasil,"Gênero e parentesco:
famílias gays e lésbicas no Brasil","Parentesco, Homossexualidade, Gênero,
Família",
2003,21,Artigo Regular,Helena Altmann,PT,x,Brasil,"Orientação sexual em uma escola:
recortes de corpos e de gênero","Orientação Sexual, Escola, Sexualidade, Gênero,
Adolescente",
2004,22,"Artigo Dossiê ""O gênero da moda e outros gêneros""",Heloisa Pontes,PT,x,Brasil,"Modas e modos:
uma leitura enviesada de O espírito das roupa","Gilda de Mello e Souza, Moda, Gênero,
Distinção Social, Ensaio de Sociologia Estética",
2004,22,"Artigo Dossiê ""O gênero da moda e outros gêneros""",Maria Claudia Bonadio,PT,x,Brasil,"Dignidade, celibato e bom
comportamento:
relatos sobre a profissão de modelo e
manequim no Brasil dos anos 1960"," Modelo e Manequim, Trabalho, Memória",
2004,22,"Artigo Dossiê ""O gênero da moda e outros gêneros""",Alexandre Bergamo,PT,x, Brasil,"Elegância e atitude:
diferenças sociais e de gênero no mundo da moda","Moda, Gênero, Distinção Social, Representação
da Realidade",
2004,22,"Artigo Dossiê ""O gênero da moda e outros gêneros""",Gabriela Cano,ES>PT,Plínio Dentzien,México,"Amélio Robles, andar de soldado velho:
fotografia e masculinidade na Revolução Mexicana","Revolução Mexicana, Transgênero,
Masculinidade, Performance de Gênero",
2004,22,"Artigo Dossiê ""O gênero da moda e outros gêneros""",Mary Louise Pratt,ES,x,EUA,"Mi cigarro, mi Singer,
y la revolución mexicana:
la danza ciudadana de Nellie Campobello","Gênero, Nellie Campobello, Revolução Mexicana,
Revolução Sexual, Literatura",
2004,22,"Artigo Dossiê ""O gênero da moda e outros gêneros""",Mariza Corrêa,PT,x,Brasil,Trampas do traje," Juana Inês de la Cruz, Travestismos, Poesia
Latino-Americana, México",
2004,22,Artigo Regular,Donna Haraway,EN>PT,x,EUA,"“Gênero” para um dicionário marxista:
a política sexual de uma palavra"," Gênero, Marxismo, Teoria Feminista, Teoria
Feminista Norte-Americana",
2004,22,Artigo Regular,Marília Pinto de Carvalho,PT,x,Brasil,"O fracasso escolar
de meninos e meninas:
articulações entre gênero e cor/raça","Desempenho Escolar, Ensino Fundamental,
Gênero, Raça",
2004,22,Artigo Regular,Eliane Sebeika Rapchan,PT,x,Brasil,"Hannah Arendt - Rahel Levin: duas biografias, sujeito e espelho",Hannah Arendt; Rahel Levin; Método Biográfico; Indivíduo; Identidade; Romantismo,
2004,23,Artigo Regular,Ella Shohat,EN>PT,Plínio Dentzien,EUA,"Des-orientar Cleópatra:
um tropo moderno da identidade","Cleópatra, Gênero, Raça, Pós-Colonialismo",
2004,23,Artigo Regular,Laura Moutinho,PT,x,Brasil,"“Raça”, sexualidade e gênero na
construção da identidade nacional:
uma comparação entre Brasil e África do Sul","Raça, Sexualidade, Nação, Literatura, Gênero,
Brasil, África do Sul",
2004,23,Artigo Regular,Osmundo de Araújo Pinho,PT,x,Brasil,"O efeito do sexo:
políticas de raça, gênero e miscigenação","Miscigenação, Reafricanização, Beleza Negra,
Brau",
2004,23,Artigo Regular,Tiago de Melo Gomes,PT,x,Brasil,"Massais, mulatas, meretrizes:
imagens da sexualidade feminina no Rio de Janeiro
dos anos 1920","Gênero, Raça, Sexualidade, Modernidade",
2004,23,Artigo Regular,Luiz Gustavo Freitas Rossi,PT,x,Brasil,As cores e os gêneros da revolução,"Jorge Amado, Raça, Classe Social, Gênero",
2004,23,Artigo Regular,Angela Figueiredo,PT,x,Brasil,"Fora do jogo:
a experiência dos negros na classe média
brasileira"," Racismo, Ascensão Social, Classe Média Negra",
2004,23,Artigo Regular,Luciana Pontes,PT,x,Portugal,"Mulheres brasileiras na mídia
portuguesa","Gênero, Nacionalidade/Etnicidade,
Sexualização, Imigração",
2004,23,Artigo Regular,Igor José de Renó Machado,PT,x,Brasil,"Afetividade e poder
entre os imigrantes brasileiros no Porto","Emigração Brasileira, Relações Afetivas, Poder,
Portugal",
2004,23,Artigo Regular,Ethel V. Kosminsky,PT,x,Brasil,"Questões de gênero em estudos
comparativos de imigração:
mulheres judias em São Paulo e em Nova York"," Gênero, Imigração, Geração",
2004,23,Artigo Regular,Sander L. Gilman,EN>PT,Richard Miskolci,EUA,"Obesidade como deficiência:
o caso dos judeus","Obesidade, Corpo, Deficiência Física, Judeus,
Gênero",
2005,24,"Artigo Dossiê ""Gênero e Saúde""",Regina Morantz-Sanchez,EN>PT,Daniela Araújo,EUA,De “corpos” a “pessoas”: a atuação das pacientes através do julgamento da Dra. Mary Dixon Jones de 1892,"Ginecologia, Corpo Feminino, Doença, Gênero,
Atuação",
2005,24,"Artigo Dossiê ""Gênero e Saúde""",Maria Lucia Mott,PT,x,Brasil,"Gênero, medicina e filantropia:
Maria Rennotte e as mulheres na construção
da nação"," Filantropia, Gênero, Profissionais de Saúde, Medicina, Cruz Vermelha, Maria Rennotte",
2005,24,"Artigo Dossiê ""Gênero e Saúde""",Heloísa Helena Pimenta Rocha,PT,x,Brasil,"A educação sanitária
como profissão feminina","História da Educação, Educação Sanitária, Saúde, Maria Antonieta de Castro, Educadoras Sanitária",
2005,24,"Artigo Dossiê ""Gênero e Saúde""","Marta Júlia Marques Lopes
Sandra Maria Cezar Leal",PT,x,Brasil,"A feminização persistente
na qualificação profissional
da enfermagem brasileira","Enfermagem, Feminização, Divisão Sexual do
Trabalho",
2005,24,Artigo Regular,Amílcar Torrão Filho ,PT,x,Brasil,"Uma questão de gênero:
onde o masculino e o feminino se cruzam ","Gênero, Historiografia, Masculinidade,
Homossexualidade, Misoginia",
2005,24,Artigo Regular,Fabio Gutemberg Ramos Bezerra de Sousa,PT,x,Brasil,"Na casa e... na rua:
 cartografias das mulheres na cidade
(Campina Grande, 1930-1945)","Mulheres, Gênero, Cidade, Cotidiano popular",
2005,24,Artigo Regular,André Cordeiro,PT,x,Brasil,"Aspectos do feminino e masculino
na arte de Ismael Nery","Androginia, Espiritualidade, Narcisismo,
Modernismo",
2005,24,Artigo Regular,Luiz Mello,PT,x,Brasil,"Outras famílias:
A construção social da conjugalidade
homossexual no Brasil","Homossexualidade, Família, Conjugalidade,
Parceria Civil",
2005,24,Artigo Regular,Anna Paula Vencato,PT,x,Brasil,"Fora do armário, dentro do closet:
o camarim como espaço de transformação","Corporalidade, Cross-Dressing, Gênero,
Drag Queens, Etnografia",
2005,24,Artigo Regular,Paula Sandrine Machado,PT,x,Brasil,"O sexo dos anjos:
um olhar sobre a anatomia e a produção
do sexo (como se fosse) natural","Intersexo, Sexo, Gênero, Representações
Corporais, Antropologia Médica",
2005,25,Artigo Regular,Cristiana Schettini Pereira,PT,x,Brasil,"Lavar, passar e receber visitas:
debates sobre a regulamentação da prostituição e
experiências de trabalho sexual em Buenos Aires e
no Rio de Janeiro, fim do século XIX","Prostituição, Escravidão, Rio de Janeiro,
Buenos Aires, Século XIX",
2005,25,Artigo Regular,Kamala Kempadoo,EN>PT,Plinio Dentzien,EUA,"Mudando o debate sobre o
tráfico de mulheres","Tráfico de Pessoas, Discursos Feministas,
Migração",
2005,25,Artigo Regular,"Laura Mª Agustín",ES,x,Reino Unido,"La industria del sexo,
los migrantes y la familia europea","Prostitución, Turismo Sexual, Tráfico,
Trabajo Sexual, Gubernamentalidad",
2005,25,Artigo Regular,Gloria Patricia Díaz Barrero,ES,x,Canadá,"Stripers, bailarinas exóticas, eróticas:
identidad e inmigración en la construcción
del Estado canadiense"," Inmigración, Bailarinas Exóticas, Striptease,
Canadá, Trabajo Sexual",
2005,25,Artigo Regular,Grupo Davida,PT,x,Brasil,"Prostitutas, “traficadas”
e pânicos morais:
uma análise da produção de fatos em pesquisas
sobre o “tráfico de seres humanos”","Tráfico de Seres Humanos, Prostituição, Brasil,
Pânico Moral",
2005,25,Artigo Regular,Elisiane Pasini,PT,x,Brasil,"Sexo para quase todos:
a prostituição feminina na Vila Mimosa","Prostituição Feminina, Turismo, Relações de
Gênero, Rio de Janeiro, Vila Mimosa",
2005,25,Artigo Regular,"Larissa Pelúcio
",PT,x,Brasil,"Na noite nem todos os gatos são pardos
Notas sobre a prostituição travesti","Travestis, Prostituição, Clientes, Gênero,
Sexualidade",
2005,25,Artigo Regular,"Ana Paula da Silva
Thaddeus Blanchette",PT,x,Brasil,"“Nossa Senhora da Help”:
sexo, turismo e deslocamento transnacional em
Copacabana","Turismo Sexual, Prostituição, Copacabana,
Tráfico de Mulheres, Gringos",
2005,25,Artigo Regular,Adriana Piscitelli,PT,x,Brasil,"Viagens e sexo on-line:
a Internet na geografia do turismo sexual","Ciberespaço, Sexualidade, Turismo Sexual,
Racialização",
2005,25,Artigo Regular,Marta E. Savigliano,ES,x,EUA,"Destino Buenos Aires:
tango-turismo sexual cinematografico","Tango en el Cine, Turismo Cultural y
Sexualidad, Inter/Multi/Trans-culturalismo en el
Cine, Femmes Fatales",
2006,26,"Artigo Dossiê ""Repensando a Infância""",Claudia Fonseca,FR>EN>PT,Ethon S. A. da Fonseca,Brasil,"Da circulação de crianças à adoção
internacional:
questões de pertencimento e posse"," Crianças, Parentesco, Adoção, Políticas Sociais",
2006,26,"Artigo Dossiê ""Repensando a Infância""",Mónica Tarducci,ES,x,Argentina,"“Traficos fronterizos”.
Introducción a la problemática de la adopción de
niños en Misiones, Argentina","Adopción, Adopción Transnacional,
Tráfico de Personas",
2006,26,"Artigo Dossiê ""Repensando a Infância""",Joice Melo Vieira,PT,x,Brasil,"Era uma vez...
Esta pode ser a sua história","Adoção, Literatura Infantil, Filiação, Maternidade,
Paternidade, Gênero",
2006,26,"Artigo Dossiê ""Repensando a Infância""",Graziela Serroni Perosa,PT,x,Brasil,"A aprendizagem das diferenças sociais:
classe, gênero e corpo
em uma escola para meninas","Socialização, Escola Privada, Diferenciação Social",
2006,26,"Artigo Dossiê ""Repensando a Infância""","Tânia Mara Cruz
Marília Pinto de Carvalho",PT,x,Brasil,"Jogos de gênero:
o recreio numa escola de ensino fundamental","Recreio Escolar, Brincadeiras, Relações de
Gênero, Conflito",
2006,26,"Artigo Dossiê ""Repensando a Infância""",Jucélia Santos Bispo Ribeiro,PT,x,Brasil,"Brincadeiras de meninas e de meninos:
socialização, sexualidade e gênero entre crianças e a
construção social das diferenças","Gênero, Socialização, Sexualidade",
2006,26,"Artigo Dossiê ""Repensando a Infância""",Érica Renata de Souza,PT,x,Brasil,"Marcadores sociais da diferença e
infância:
relações de poder no contexto escolar"," Infância, Educação, Gênero, Sexualidade,
Homossexualidade",
2006,26,"Artigo Dossiê ""Repensando a Infância""",Jane Felipe,PT,x,Brasil,"Afinal, quem é mesmo pedófilo?","Infância, Gênero, Sexualidade, Pedofilia",
2006,26,"Artigo Dossiê ""Repensando a Infância""",Tatiana Savoia Landini,PT,x,Brasil,"Violência sexual contra crianças na
mídia impressa: gênero e geração"," Violência Sexual, Violência contra a Criança,
Sexualidade, Gênero, Mídia",
2006,26,"Artigo Dossiê ""Repensando a Infância""",Elisiane Sartori,PT,x,Brasil,"Trabalho infantil em Franca:
um laboratório das lutas sociais em defesa da
criança e do adolescente"," Gênero, Trabalho Infantil, Políticas Públicas,
Indústria de Calçados, Franca",
2006,26,"Artigo Dossiê ""Repensando a Infância""",Ana Lúcia Goulart de Faria,PT,x,Brasil,"Pequena infância, educação e gênero:
subsídios para um estado da arte","Pequena Infância, Movimento Feminista,
Relações de Gênero, Educação Infantil,
Creche, Pré-Escola",
2006,26,"Artigo Dossiê ""Repensando a Infância""",Luzinete Simões Minella,PT,x,Brasil,"Papéis sexuais e hierarquias de gênero
na História Social sobre infância no
Brasil","Gênero, Infância, Papéis Sexuais, Estudos
Histórico-Sociais",
2006,26,Artigo Regular,Avtar Brah,EN>PT,Não consta nome,Inglaterra,"Diferença, diversidade, diferenciação","Interseccionalidades, Diferença, Teoria Feminista,
Racismos, Gênero, Classe",
2006,26,Artigo Regular,Céli Regina Jardim Pinto,PT,x,Brasil,"Quem tem direito ao “uso do véu”?
(uma contribuição para pensar a questão brasileira)","Universalismo, Diferença, Mulheres, Religião,
Esfera Pública",
2006,26,Artigo Regular,Cristiane Maria Sbalqueiro Lopes,PT,x,Brasil,"Direito do trabalho da mulher:
da proteção à promoção","Direito do Trabalho, Mulher, Discriminação,
Ideologia",
2007,27,"Artigo Dossiê ""Gênero na ciência""",Evelyn Fox Keller,EN>PT,Maria Luiza Lara,EUA,"Qual foi o impacto do
feminismo na ciência?","Gênero, Ciência, Crítica Feminista da Ciência",
2007,27,"Artigo Dossiê ""Gênero na ciência""",Maria Margaret Lopes,PT,x,Brasil,"Sobre convenções em torno de
argumentos de autoridade"," História das Ciências, Gênero em ciências,
Estudos feministas das ciências, Objetividade",
2007,27,"Artigo Dossiê ""Gênero na ciência""",Carla Giovana Cabral,PT,x,Brasil,"Pelas telas, pela janela:
o conhecimento dialogicamente situado"," Epistemologia, Gênero, Ciência e Tecnologia",
2007,27,"Artigo Dossiê ""Gênero na ciência""",Apen Ruiz Martinez,ES,x,Espanha,"Zelia Nuttall e Isabel Ramírez:
las distintas formas de practicar y escribir sobre
arqueología en el México de inícios del siglo XX","Zelia Nuttall, Isabel Ramírez Castañeda, Historia
de la Antropología, Género, Nacionalismo",
2007,27,"Artigo Dossiê ""Gênero na ciência""",Susana V. García,ES,x,Argentina,"Ni solas ni resignadas:
la participación femenina en las actividades
científico-académicas de la Argentina en los inicios
del siglo XX","Mujeres, Universidad, Ciencias Naturales,
Museos",
2007,27,"Artigo Dossiê ""Gênero na ciência""",Lina Faria,PT,x,Brasil,"Educadoras Sanitárias e Enfermeiras de
Saúde Pública:
identidades profissionais em construção","Mulheres Educadoras, Mulheres Enfermeiras,
Identidade Profissional, Saúde Pública",
2007,27,"Artigo Dossiê ""Gênero na ciência""","Nara Azevedo
Luiz Otávio Ferreira",PT,x,Brasil,"Modernização, políticas públicas e
sistema de gênero no Brasil:
educação e profissionalização feminina entre as
décadas de 1920 e 1940"," Modernização, Políticas Públicas, Sistema de
Gênero, Educação, Profissionalização Feminina",
2007,27,"Artigo Dossiê ""Gênero na ciência""","Juliana Schwartz
Lindamir Salete Casagrande
Sonia Ana Charchut Leszczynski
Marilia Gomes de Carvalho",PT,x,Brasil,"Mulheres na informática:
quais foram as pioneiras?","Mulheres, Ciência, História da Informática,
Pioneiras",
2007,27,"Artigo Dossiê ""Gênero na ciência""","Neide Mayumi Osada
Maria Conceição da Costa",PT,x,Brasil,"A construção social de gênero
na Biologia:
preconceitos e obstáculos na biologia molecular"," Gênero, Mulheres e Ciência, Biologia Molecular,
Projeto Genoma",
2007,27,"Artigo Dossiê ""Gênero na ciência""","Hildete Pereira de Melo
André Barbosa Oliveira",PT,x,Brasil,"A produção científica brasileira no
feminino","Gênero, Indicadores, Produção Científica",
2007,27,Artigo Regular,Maria Lúcia Dal Farra,PT,x,Brasil,Cecília Meireles: imagens femininas,"Mulheres Poetas, Literatura, Poesia, Cecília Meireles",
2007,27,Artigo Regular,Marina Becerra,ES,x,Argentina,"All you need is love.
Ciudadanía, género y educación en los debates del
primer socialismo argentino"," Socialismo, Género, Ciudadanía, Educación,
Política",
2007,27,Artigo Regular,Yumi Garcia dos Santos,PT,x,Brasil,"A implementação dos órgãos
governamentais de gênero no Brasil e o
papel do movimento feminista:
o caso do Conselho Estadual da Condição
Feminina de São Paulo","Movimento feminista, Democracia, Conselho
Estadual da Condição Feminina, Estado",
2007,28,"Artigo Dossiê ""Sexualidades Disparatadas""",Eve Kosofsky Sedgwick,EN>PT,Plinio Dentzien,EUA,A epistemologia do armário,"Armário, Segredo Aberto, Conhecimento,
Sexualidade, Verdade",
2007,28,"Artigo Dossiê ""Sexualidades Disparatadas""",Richard Miskolci,PT,x,Brasil,Comentário,x,
2007,28,"Artigo Dossiê ""Sexualidades Disparatadas""","Sérgio Carrara
Júlio Assis Simões",PT,x,Brasil,"Sexualidade, cultura e política:
a trajetória da identidade homossexual masculina
na antropologia brasileira"," Homossexualidade, Antropologia Brasileira,
Identidades Sexuais, Identidade Nacional",
2007,28,"Artigo Dossiê ""Sexualidades Disparatadas""",Richard Miskolci,PT,x,Brasil,"Pânicos morais e controle social –
reflexões sobre o casamento gay","Pânicos Morais, Controle Social, Casamento Gay,
Política Sexual",
2007,28,"Artigo Dossiê ""Sexualidades Disparatadas""","Márcia Arán
Carlos Augusto Peixoto Júnior",PT,x,Brasil,"Subversões do desejo:
sobre gênero e subjetividade em Judith Butler","Gênero, Sexualidade, Desejo, Subjetividade",
2007,28,"Artigo Dossiê ""Sexualidades Disparatadas""",Nádia Perez Pino,PT,x,Brasil,"A teoria queer e os intersex:
experiências invisíveis de corpos des-feitos","Intersex, Paradoxos Identitários, Invisibilidade,
Sexualidade, Teoria Queer",
2007,28,"Artigo Dossiê ""Sexualidades Disparatadas""",Camilo Albuquerque de Braz,PT,x,Brasil,"Macho versus Macho:
um olhar antropológico sobre práticas homoeróticas
entre homens em São Paulo","Gênero, Sexualidade, Homoerotismo,
Corporalidade, Subjetividade",
2007,28,"Artigo Dossiê ""Sexualidades Disparatadas""",Andrea Lacombe,PT,x,Brasil,"De entendidas e sapatonas:
socializações lésbicas e masculinidades em um bar
do Rio de Janeiro","Masculinidades, Lesbianismo, Estudos Queer,
Estudos de Gênero",
2007,28,"Artigo Dossiê ""Sexualidades Disparatadas""",Isadora Lins França,PT,x,Brasil,"Sobre “guetos” e “rótulos”:
tensões no mercado GLS na cidade de São Paulo","Sexualidade, Estilos de Vida, Consumo,
Homossexualidade, Identidade",
2007,28,"Artigo Dossiê ""Sexualidades Disparatadas""",Karla Bessa,PT,x,Brasil,"Os festivais GLBT de cinema
e as mudanças estético-políticas na constituição da
subjetividade","Cinema Queer, Sexualidade, Festivais GLBT
de Cinema",
2007,28,Artigo Regular,Alessandra El Far,PT,x,Brasil,"Crítica social e idéias médicas nos
excessos do desejo:
uma análise dos “romances para homens” de finais
do século XIX e início do XX","Literatura, Pornografia, História, Gênero, Raça,
Classe",
2007,28,Artigo Regular,Bernadete Beserra,PT ,x,Brasil,"Sob a sombra de Carmen Miranda e do
carnaval:
brasileiras em Los Angeles","Brasileiras Imigrantes, Brasileiros nos Estados
Unidos, Exotização, Negociação de Imagens",
2007,28,Artigo Regular,Petrônio Domingues,PT,x,Brasil,"Frentenegrinas:
notas de um capítulo da participação feminina na
história da luta anti-racista no Brasil","Mulher Negra, Negro, Racismo, Relações Raciais",
2007,29,"Artigo Dossiê ""Famílias em Movimento""",Elizabeth Jelin,ES,x,Argentina,"Víctimas, familiares y ciudadanos/as:
las luchas por la legitimidad de la palabra","Familismo, Maternalismo, Represión Política,
Secuestro de Niño/as, Argentina, Derechos
Humanos",
2007,29,"Artigo Dossiê ""Famílias em Movimento""",Mariza Corrêa,PT,x,Brasil,A babá de Freud e outras babás,"Babás/Governantas/Criadas, Freud, Trabalho
Doméstico, Migração de Mulheres",
2007,29,"Artigo Dossiê ""Famílias em Movimento""",Jurema Brites,PT,x,Brasil,"Afeto e desigualdade: gênero, geração e classe entre empregadas domésticas e seus empregadores"," Empregadas Domésticas, Famílias de Camadas
Médias, Reprodução Estratificada, Didática da
Distância Social",
2007,29,"Artigo Dossiê ""Famílias em Movimento""",Barbara Yngvesson,EN>PT,Claudia Fonseca,EUA,"Parentesco reconfigurado
no espaço da adoção"," Adoção Transnacional, Parentesco Idiomático,
Migrações, Identidade Étnica, Pertencimento
Nacional",
2007,29,"Artigo Dossiê ""Famílias em Movimento""",Marta Jardim,PT,x,Brasil,"De sogra para nora para sogra:
redes de comércio e de família em
Moçambique","Etnografia, Família, Hindus, Moçambique,
Sograria",
2007,29,"Artigo Dossiê ""Famílias em Movimento""","Clarice Ehlers Peixoto
Gleice Mattos Luz",PT,x,Brasil,"De uma morada à outra:
processos de re-coabitação entre as gerações","Deslocamentos Habitacionais, Coabitação,
Relações Intergeracionais",
2007,29,"Artigo Dossiê ""Famílias em Movimento""",Denise Fagundes Jardim,PT,x,Brasil,"Famílias palestinas no extremo sul do
Brasil e na diáspora:
experiências identitárias e aduaneiras","Família, Migrações, Diáspora, Nacionalidade,
Palestinos, Identidade Étnica",
2007,29,"Artigo Dossiê ""Famílias em Movimento""",Verónica Trpin,ES,x,Argentina,"Identidades en movimiento.
Familias chilenas en la fruticultura del Alto Valle de
Río Negro, Argentina","Migración Chilena, Familias, Fruticultura Trabajo Rural, Identidad Étnica y Nacional",
2007,29,"Artigo Dossiê ""Famílias em Movimento""","Carolyn Sargent
Stephanie Larchance-Kim
Samba Yatera",EN>PT,Ethon S. A. da Fonseca,EUA / França,"Migração e telecomunicações:
tecnologias e famílias transnacionais na França e
África Ocidental","Conexões Familiares, Imigrantes Africanos,
Comunicação, Tecnologia",
2007,29,"Artigo Dossiê ""Famílias em Movimento""",Petri Hautaniemi,EN>PT,Ethon S. A. da Fonseca,Finlândia,"Conectando famílias de construções
genéticas:
testes de DNA na reunificação da família somali na
Finlândia","Parentesco, Identidade, Imigração,
Reunificação Familiar, Testes de DNA",
2007,29,Artigo Regular,"Guita Grin Debert
Marcella Beraldo de Oliveira",PT,x,Brasil,"Os modelos conciliatórios de solução de
conflitos e a “violência doméstica”","Violência Doméstica, Conciliação, Delegacia de Defesa
da Mulher, Juizados Especiais Criminais",
2007,29,Artigo Regular,Carin Klein,PT,x,Brasil,"Mulher e família no Programa
Bolsa-Escola:
maternidades veiculadas e instituídas
pelos anúncios televisivos","Programa Nacional Bolsa-Escola, Maternidade,
Relações de Gênero",
2007,29,Artigo Regular,"Graciela de Souza Oliver
Silvia F. de M. Figueirôa",PT,x,Brasil,"Ceres, as mulheres e o sertão.
Representações sobre o feminino e a agricultura
brasileira na primeira metade do século XX","História das Ciências Agrícolas, História da
Agricultura, Engenheiras Agrônomas",
2007,29,Artigo Regular,Beatriz Polidori Zechlinski,PT,x,Brasil,"“A vida como ela é...”:
imagens do casamento e do amor
em Nelson Rodrigues","Relações de Gênero, Modelos Sociais, Discurso
Ficcional",
2007,29,Artigo Regular,"Cecília Vieira do Nascimento
Bernardo J. Oliveira",PT,x,Brasil,O Sexo Feminino em campanha pela emancipação da mulher," Imprensa Feminina, O Sexo Feminino, Direitos
da Mulher, Trabalho Feminino, Acesso à Ciência",
2008,30,"Artigo Dossiê ""Gênero e Islã""",Fatima Sadiqi,EN>PT, Silvana Ruffier Scarinci,Marrocos,"Estereótipos e mulheres na cultura
marroquina","Gênero, Mulheres, Estereótipos, Cultura
Marroquina",
2008,30,"Artigo Dossiê ""Gênero e Islã""",Mohamed Dahmane,ES,x,Marrocos,"La mujer en la sociedad
Nomada del Sur de Marruecos:
enfoque etnográfico","Relaciones de Género, Sociedad Musulmana,
Sociedad Nomada, Sáhara",
2008,30,"Artigo Dossiê ""Gênero e Islã""",Nadia Erzijni,EN>PT,Silvana Ruffier Scarinci,Marrocos,"Amina Bin Qarrish de Tetuan:
registros da vida de uma mulher marroquina do
século XIX","Amina Bin Qarrish, Mulheres Marroquinas,
Herança, Século XIX",
2008,30,"Artigo Dossiê ""Gênero e Islã""",Fatima Harrak,EN>PT,Silvana Ruffier Scarinci,Marrocos,"A Salafiya marroquina e a questão
feminina:
leitura de l’Autocritique de Allal el-Fassi","Mulheres Marroquinas, Salafiya, Reformismo
Muçulmano",
2008,30,"Artigo Dossiê ""Gênero e Islã""",Moha Ennaji,EN>PT,Cecilia Holtermann,Marrocos,"Pregadoras murshidat
como agentes de mudança no Marrocos:
uma perspectiva comparativa","Pregadoras, Murshidat, Marrocos, Islamismo",
2008,30,"Artigo Dossiê ""Gênero e Islã""",Fatiha Benlabbah,ES,x,Marrocos,"Islam y derechos de la mujer
en Marruecos","Derechos de la Mujer, Marruecos, Islam",
2008,30,"Artigo Dossiê ""Gênero e Islã""",Aïcha El Hajjami,FR>PT,Silvana Ruffier Scarinci,Marrocos,"A condição das mulheres no Islã:
a questão da igualdade","Mulheres, Igualdade, Islã",
2008,30,"Artigo Dossiê ""Gênero e Islã""",Rachida Afilal,FR>PT,Silvana Ruffier Scarinci,Marrocos,"Do Moudawana ao Código da Família:
processos e conteúdos de uma reforma estratégica","Direitos das Mulheres, Código da Família,
Moudawana, Marrocos",
2008,30,Artigo Regular,Maria Cardeira da Silva,PT,x,Portugal,"As mulheres, os outros e as mulheres
dos outros:
feminismo, academia e Islão","Feminismo, Feminismo Islâmico, Antropologia,
Islão, Relações Internacionais, Direitos Humanos,
Marrocos",
2008,30,Artigo Regular,Mariane Venchi,PT,x,Brasil,"Seduções e traições de gênero no Islã:
a rainha de Sabá e o corpo feminino circuncidado","Literatura Árabe-Islâmica, Alegorias de Gênero e
Corporalidades, Circuncisão Feminina,
Historiografia Muçulmana",
2008,30,Artigo Regular,Flávia de Mattos Motta,PT,x,Brasil,"Curió Valente:
representações de gênero em competições
de pássaros canoros","Gênero, Masculinidade, Representações, Curió,
Luta",
2008,30,Artigo Regular,"Vera Helena Ferraz de Siqueira
Glória Walkyria de Fátima Rocha",PT,x,Brasil,"A construção de diferenças de gênero
entre estudantes de medicina","Cidadania, Gênero, Sexualidade,
Identidades, Educação Médica",
2008,30,Artigo Regular,Josefina Leonor Brown,ES,x,Argentina,"Los derechos (no)reproductivos
en Argentina:
encrucijadas teóricas y políticas","Derechos (no)reproductivos, Ciudadanía,
Anticoncepción y Aborto, Cuerpo y
Sexualidades, Público y Privado",
2008,30,Artigo Regular,Cristina Donza Cancela ,PT,x,Brasil,"Destino cor-de-rosa, tensão e escolhas:
os significados do casamento em uma capital
amazônica (Belém, 1870-1920)","Casamento, Família, Amazônia",
2008,30,Artigo Regular,Maria Cecília Barreto Amorim Pilla,PT,x,Brasil,"Labores, quitutes e panelas:
em busca do lar ideal","Contenção, Auto-governo, Administração do
Lar",
2008,30,Artigo Regular,Silvana Aparecida Mariano,PT,x,Brasil,"Modernidade e crítica da modernidade:
a Sociologia e alguns desafios feministas às
categorias de análise","Sociologia, Modernidade, Crítica da
Modernidade, Crítica Feminista",
2008,30,Artigo Regular,"Carlos Ziller Camenietzki
Rejane da Conceição Meirelles",PT,x,Brasil,"Frágeis damas e mulheres fortes:
a representação feminina na Restauração de
Portugal (1640-1668)"," Restauração de Portugal, Guerra contra Castela,
Mulheres Combatentes, Fidalgas e Patriotas",
2008,31,"Artigo Dossiê ""Gênero no Tráfico de Pessoas""",Adriana Piscitelli,PT,x,Brasil,"Entre as “máfias” e a “ajuda”:
a construção de conhecimento sobre
tráfico de pessoas","Tráfico de Pessoas, Crime, Direitos Humanos,
Gênero, Prostituição",
2008,31,"Artigo Dossiê ""Gênero no Tráfico de Pessoas""","Marcia Vasconcelos 
Andréa Bolzon",PT,x,Brasil,"Trabalho forçado, tráfico de pessoas
e gênero: algumas reflexões","Trabalho Forçado, Trabalho Escravo, Exploração
Sexual Comercial, Tráfico de Pessoas, Migração,
Contrabando de Migrantes",
2008,31,"Artigo Dossiê ""Gênero no Tráfico de Pessoas""",Ela Wiecko V. de Castilho,PT,x,Brasil,"A criminalização do tráfico de mulheres:
proteção das mulheres ou reforço da
violência de gênero?","Tráfico de Mulheres, Prostituição, Criminalização,
Discurso Judicial, Gênero",
2008,31,"Artigo Dossiê ""Gênero no Tráfico de Pessoas""",Marina Pereira Pires de Oliveira,PT,x,Brasil,"Sobre armadilhas e cascas de banana:
uma análise crítica da administração de Justiça em
temas associados aos Direitos Humanos","Direitos Humanos, Tráfico de Pessoas,
Prostituição, Justiça, Protocolo de Palermo",
2008,31,"Artigo Dossiê ""Gênero no Tráfico de Pessoas""",Thaís Dumêt Faria,PT,x,Brasil,"Mulheres no Tráfico de Pessoas:
vítimas e agressoras"," Mulher, Criminologia, Tráfico de Pessoas,
Estereótipos",
2008,31,"Artigo Dossiê ""Gênero no Tráfico de Pessoas""",Patrícia Trindade Maranhão Costa,PT,x,Brasil,"A construção da masculinidade e a
banalidade do mal:
outros aspectos do trabalho escravo
contemporâneo","Escravidão Contemporânea, Masculinidade,
Banalidade do Mal",
2008,31,"Artigo Dossiê ""Gênero no Tráfico de Pessoas""","Paulo Illes
Gabrielle Louise Soares Timóteo
Elaine da Silva Fiorucci",PT,x,Brasil,"Tráfico de Pessoas para fins de
exploração do trabalho na cidade de
São Paulo","Tráfico de Pessoas, Imigrantes, Gênero, Trabalho,
São Paulo",
2008,31,"Artigo Dossiê ""Gênero no Tráfico de Pessoas""",Gláucia de Oliveira Assis,PT,x,Brasil,"A fronteira México-Estados Unidos:
entre o sonho e o pesadelo − as experiências de
e/imigrantes em viagens não-autorizadas
no mundo global","Tráfico de Migrantes, Gênero, Emigrantes
Brasileiros, Fronteira México-Estados Unidos",
2008,31,"Artigo Dossiê ""Gênero no Tráfico de Pessoas""",Asbrad Associação,PT,x,Brasil,"Direitos Humanos e gênero no cenário
da migração e do tráfico internacional
de pessoas","Tráfico de Pessoas, Migração, Gênero, Mulheres",
2008,31,"Artigo Dossiê ""Gênero no Tráfico de Pessoas""",Flávia do Bonsucesso Teixeira,PT ,x,Brasil,"L’Italia dei Divieti:
entre o sonho de ser européia e o babado da
prostituição","Travestis, Migração, Prostituição,
Tráfico de Pessoas",
2008,31,Artigo Regular,Elizabeth Bernstein,EN>PT,Fernanda Leão,EUA,"O significado da compra:
desejo, demanda e o comércio do sexo","Prostituição, Masculinidade, Desejo,
Mercantilização, Intimidade, Trabalho Sexual,
Gentrificação",
2008,31,Artigo Regular,José Miguel Nieto Olivar,PT,x,Brasil,"A angústia dos corpos indóceis:
prostituição e conflito armado na Colômbia
contemporânea","Prostituição, Colômbia, Direitos Humanos",
2008,31,Artigo Regular,Eliane Robert Moraes,FR>PT,Eliane Robert Moraes,Brasil,"Topografia do Risco
O erotismo literário no Brasil contemporâneo","Erotismo, Literatura Brasileira, Erótica Literária,
Imaginário Sexual, Obscenidade",
2008,31,Artigo Regular,"Fúlvia Rosemberg
Leandro Feitosa Andrade",PT,x,Brasil,"Ação afirmativa no ensino superior
brasileiro:
a tensão entre raça/etnia e gênero","Ação Afirmativa, Ensino Superior, Educação e
Gênero, Educação e Raça",
2008,31,Artigo Regular,Ivana Guilherme Simili,PT,x,Brasil,"Educação e produção de moda na
Segunda Guerra Mundial:
as voluntárias da Legião Brasileira de Assistência","Educação, Moda, Voluntárias, Legião Brasileira
de Assistência, Segunda Guerra Mundial",
2008,31,Artigo Regular,"Luiz Augusto Campos
Luís Felipe Miguel",PT,x,Brasil,"O Oito de Março no Congresso:
representações da condição feminina
no discurso parlamentar","Discurso Parlamentar, Representação Política,
Gênero, 8 de Março",
2008,31,Artigo Regular,Gabriele dos Anjos,PT,x,Brasil,"Liderança de mulheres em pastorais
e comunidades católicas
e suas retribuições","Militância Feminina, Classes Populares,
Comunidades Católicas",